"IDPracownika","ImiePracownika","NazwiskoPracownika","AdresPracownika","MiastoPracownika","StanZamPracownika","KodPocztowyPracownika","NumKierunkPracownika","TelefonPracownika","DataUrodzPracownika"
"701","Ann","Patterson","16 Maple Lane","Auburn","WA","98002","253","555-2591","1958-03-18"
"702","Mary","Thompson","122 Spring River Drive","Duvall","WA","98019","425","555-2516","1990-06-21"
"703","Matt","Berg","908 W. Capital Way","Tacoma","WA","98413","253","555-2581","1964-11-02"
"704","Carol","Viescas","722 Moss Bay Blvd.","Kirkland","WA","98033","425","555-2576","1987-12-23"
"705","Kirk","DeGrasse","455 West Palm Ave","San Antonio","TX","78284","210","5552311","1985-10-05"
"706","David","Viescas","16679 NE 42nd Court","Redmond","WA","98052","425","555-2661","1968-01-01"
"707","Kathryn","Patterson","554 E. Wilshire
Apt. 2A","Seattle","WA","98105","206","555-2697","1982-12-12"
"708","Susan","McLain","511 Lenora Ave","Bellevue","WA","98006","425","555-2301","1967-10-15"
