"NumerProduktu","NazwaProduktu","OpisProduktu","CenaDetaliczna","StanMagazynowy","IDKategorii"
"1","Rower górski Trek 9000",NULL,"1200.00","6","2"
"2","Rower górski Eagle FS-3",NULL,"1800.00","8","2"
"3","Licznik rowerowy Dog Ear",NULL,"75.00","20","1"
"4","Opony całoroczne Victoria Pro",NULL,"54.95","20","4"
"5","Lusterka na kask Dog Ear",NULL,"7.45","12","1"
"6","Rower górski Viscount",NULL,"635.00","5","2"
"7","Licznik rowerowy bezprzewodowy Viscount C-500",NULL,"49.00","30","1"
"8","Zapięcie Kryptonite Advanced 2000 U-Lock",NULL,"50.00","20","1"
"9","Nikoma Lok-Tight U-Lock",NULL,"33.00","12","1"
"10","Kask Viscount Microshell",NULL,"36.00","20","1"
"11","Rower górski GT RTS-2",NULL,"1650.00","5","2"
"12","Hamulce Shinoman 105 SC",NULL,"23.50","16","4"
"13","Stery Shinoman Dura-Ace",NULL,"67.50","20","4"
"14","Pedały Eagle SA-120",NULL,"139.95","20","4"
"15","Zapięcia na palce ProFormance 2G",NULL,"4.99","40","4"
"16","Pedały ProFormance ATB All-Terrain",NULL,"28.00","40","4"
"17","Pedały Shinoman Deluxe TX-30",NULL,"45.00","60","4"
"18","Zegarek sportowy Viscount CardioSport",NULL,"179.00","12","1"
"19","Pulsometr Viscount Tru-Beat",NULL,"47.00","20","1"
"20","Rękawiczki Dog Ear Monster Grip",NULL,"15.00","30","1"
"21","Pompka podłogowa Dog Ear Aero-Flow",NULL,"55.00","25","1"
"22","Okulary Pro-Sport Dillo",NULL,"82.00","18","1"
"23","Kurtka przeciwdeszczowa Ultra-Pro",NULL,"85.00","30","3"
"24","Spodenki rowerowe StaDry",NULL,"69.00","22","3"
"25","Kask King Cobra",NULL,"139.00","30","1"
"26","Kask rowerowy Glide-O-Matic",NULL,"125.00","24","1"
"27","Opony całoroczne X-Pro",NULL,"24.00","20","6"
"28","Opony Turbo Twin",NULL,"29.00","18","6"
"29","Opony Ultra-2K Competition",NULL,"34.00","22","6"
"30","Okulary Clear Shade 85-T",NULL,"45.00","14","1"
"31","Rękawiczki True Grip Competition",NULL,"22.00","20","1"
"32","Koszulka Kool-Breeze Rocket",NULL,"32.00","12","3"
"33","Skarpety rowerowe Wonder Wool",NULL,"19.00","30","3"
"34","Uchwyt rowerowy TransPort",NULL,"27.00","14","1"
"35","Sakwy HP Deluxe",NULL,"39.00","10","1"
"36","Koła Cosmic Elite Road Warrior",NULL,"165.00","22","4"
"37","Koła ATB AeroFlo",NULL,"189.00","40","4"
"38","Stojak serwisowy Cycle-Doc Pro",NULL,"166.00","12","1"
"39","Uchwyt samochodowy Road Warrior",NULL,"175.00","6","5"
"40","Uchwyt samochodowy Ultimate Export 2G",NULL,"180.00","8","5"
